misdrijf,Regio,2010,2011,2012,2013
totaal,Groningen,37910,36585,35435,33985
totaal,Friesland,31415,31500,29500,28325
totaal,Drenthe,25775,25730,25020,22810
totaal,Overijssel,63015,63600,62370,60075
totaal,Flevoland,25330,25690,25270,25570
totaal,Gelderland,126330,123905,118440,111255
totaal,Utrecht,89205,85430,80745,78015
totaal,Noord-Holland,231675,232220,221310,217290
totaal,Zuid-Holland,275740,283740,265150,250365
totaal,Zeeland,22240,22345,20740,18880
totaal,Noord-Brabant,175280,173010,170220,162165
totaal,Limburg,84590,85760,81685,76575
totaal,niet in te delen,6005,5080,3865,3175
Vermogensmisdrijven,Groningen,20950,20500,20510,20890
Vermogensmisdrijven,Friesland,15415,15430,15185,15445
Vermogensmisdrijven,Drenthe,13975,14310,14060,13250
Vermogensmisdrijven,Overijssel,35870,36245,36705,37335
Vermogensmisdrijven,Flevoland,13775,14475,14865,15920
Vermogensmisdrijven,Gelderland,75425,75235,73975,71135
Vermogensmisdrijven,Utrecht,57760,54710,53075,51890
Vermogensmisdrijven,Noord-Holland,145550,146940,144785,146610
Vermogensmisdrijven,Zuid-Holland,157490,161270,154830,147160
Vermogensmisdrijven,Zeeland,11210,11170,10500,9740
Vermogensmisdrijven,Noord-Brabant,103140,103740,104785,103250
Vermogensmisdrijven,Limburg,48850,52730,50665,47535
Vermogensmisdrijven,niet in te delen,4185,3520,2785,2245
Diefstal/verduistering en inbraak,Groningen,19410,19175,19070,19710
Diefstal/verduistering en inbraak,Friesland,14165,14430,14045,14490
Diefstal/verduistering en inbraak,Drenthe,12930,13440,12940,12375
Diefstal/verduistering en inbraak,Overijssel,33520,33915,34210,35265
Diefstal/verduistering en inbraak,Flevoland,12895,13630,13925,14990
Diefstal/verduistering en inbraak,Gelderland,71495,71600,69890,67585
Diefstal/verduistering en inbraak,Utrecht,54995,52020,50015,49180
Diefstal/verduistering en inbraak,Noord-Holland,137025,137500,134700,138775
Diefstal/verduistering en inbraak,Zuid-Holland,147780,151455,144240,137905
Diefstal/verduistering en inbraak,Zeeland,10480,10505,9755,9135
Diefstal/verduistering en inbraak,Noord-Brabant,97910,98890,99225,98180
Diefstal/verduistering en inbraak,Limburg,46350,50460,48190,45365
Diefstal/verduistering en inbraak,niet in te delen,3145,2660,2040,1770
Diefstal en inbraak met geweld,Groningen,550,410,355,305
Diefstal en inbraak met geweld,Friesland,195,205,180,210
Diefstal en inbraak met geweld,Drenthe,210,220,185,150
Diefstal en inbraak met geweld,Overijssel,540,445,585,405
Diefstal en inbraak met geweld,Flevoland,410,470,415,440
Diefstal en inbraak met geweld,Gelderland,1245,1100,1015,940
Diefstal en inbraak met geweld,Utrecht,1045,935,890,790
Diefstal en inbraak met geweld,Noord-Holland,4220,4185,4055,4040
Diefstal en inbraak met geweld,Zuid-Holland,4655,4495,4335,3455
Diefstal en inbraak met geweld,Zeeland,235,175,185,180
Diefstal en inbraak met geweld,Noord-Brabant,1885,1755,1735,1470
Diefstal en inbraak met geweld,Limburg,875,930,800,695
Diefstal en inbraak met geweld,niet in te delen,60,60,40,40
Diefstal en inbraak zonder geweld,Groningen,18865,18765,18715,19400
Diefstal en inbraak zonder geweld,Friesland,13970,14225,13870,14280
Diefstal en inbraak zonder geweld,Drenthe,12720,13220,12755,12225
Diefstal en inbraak zonder geweld,Overijssel,32985,33470,33625,34855
Diefstal en inbraak zonder geweld,Flevoland,12485,13160,13510,14550
Diefstal en inbraak zonder geweld,Gelderland,70250,70500,68875,66645
Diefstal en inbraak zonder geweld,Utrecht,53950,51085,49125,48390
Diefstal en inbraak zonder geweld,Noord-Holland,132805,133315,130650,134735
Diefstal en inbraak zonder geweld,Zuid-Holland,143120,146960,139910,134455
Diefstal en inbraak zonder geweld,Zeeland,10245,10330,9570,8955
Diefstal en inbraak zonder geweld,Noord-Brabant,96025,97130,97490,96710
Diefstal en inbraak zonder geweld,Limburg,45480,49530,47395,44670
Diefstal en inbraak zonder geweld,niet in te delen,3090,2595,2005,1730
Bedrog,Groningen,1045,830,910,690
Bedrog,Friesland,975,660,810,620
Bedrog,Drenthe,760,610,810,590
Bedrog,Overijssel,1700,1590,1790,1430
Bedrog,Flevoland,490,365,440,450
Bedrog,Gelderland,2605,2235,2470,2070
Bedrog,Utrecht,1540,1320,1560,1350
Bedrog,Noord-Holland,4665,4445,5030,3975
Bedrog,Zuid-Holland,5235,4785,5365,4510
Bedrog,Zeeland,550,445,510,390
Bedrog,Noord-Brabant,3155,2695,3095,2645
Bedrog,Limburg,1715,1425,1535,1270
Bedrog,niet in te delen,685,485,460,315
Oplichting,Groningen,1000,805,880,665
Oplichting,Friesland,935,645,785,595
Oplichting,Drenthe,720,590,775,580
Oplichting,Overijssel,1630,1500,1725,1375
Oplichting,Flevoland,490,360,435,445
Oplichting,Gelderland,2535,2170,2375,2000
Oplichting,Utrecht,1495,1290,1520,1310
Oplichting,Noord-Holland,4545,4300,4885,3865
Oplichting,Zuid-Holland,5095,4630,5245,4360
Oplichting,Zeeland,535,425,500,380
Oplichting,Noord-Brabant,3080,2615,2995,2545
Oplichting,Limburg,1640,1380,1460,1195
Oplichting,niet in te delen,675,480,450,310
Flessentrekkerij,Groningen,25,10,15,15
Flessentrekkerij,Friesland,35,15,20,20
Flessentrekkerij,Drenthe,25,15,25,5
Flessentrekkerij,Overijssel,50,70,50,45
Flessentrekkerij,Flevoland,5,0,5,0
Flessentrekkerij,Gelderland,45,45,70,55
Flessentrekkerij,Utrecht,25,15,25,30
Flessentrekkerij,Noord-Holland,80,100,100,90
Flessentrekkerij,Zuid-Holland,80,95,75,105
Flessentrekkerij,Zeeland,10,15,10,10
Flessentrekkerij,Noord-Brabant,40,50,70,70
Flessentrekkerij,Limburg,55,35,60,50
Flessentrekkerij,niet in te delen,5,0,5,0
Bedrog (overig),Groningen,15,15,20,10
Bedrog (overig),Friesland,5,0,5,5
Bedrog (overig),Drenthe,15,10,15,10
Bedrog (overig),Overijssel,20,15,15,10
Bedrog (overig),Flevoland,0,0,0,5
Bedrog (overig),Gelderland,30,20,25,15
Bedrog (overig),Utrecht,20,20,10,10
Bedrog (overig),Noord-Holland,45,45,40,20
Bedrog (overig),Zuid-Holland,65,55,45,50
Bedrog (overig),Zeeland,5,10,5,0
Bedrog (overig),Noord-Brabant,35,25,30,30
Bedrog (overig),Limburg,20,10,15,20
Bedrog (overig),niet in te delen,5,5,5,5
Valsheidsmisdrijf,Groningen,245,250,335,245
Valsheidsmisdrijf,Friesland,145,195,195,210
Valsheidsmisdrijf,Drenthe,170,150,185,150
Valsheidsmisdrijf,Overijssel,365,440,415,335
Valsheidsmisdrijf,Flevoland,260,340,375,315
Valsheidsmisdrijf,Gelderland,635,735,850,620
Valsheidsmisdrijf,Utrecht,580,695,800,635
Valsheidsmisdrijf,Noord-Holland,2380,3210,3280,2245
Valsheidsmisdrijf,Zuid-Holland,2625,2945,2985,2375
Valsheidsmisdrijf,Zeeland,120,145,155,120
Valsheidsmisdrijf,Noord-Brabant,1045,1160,1400,1285
Valsheidsmisdrijf,Limburg,375,445,475,475
Valsheidsmisdrijf,niet in te delen,315,345,255,145
Muntmisdrijf,Groningen,25,20,55,55
Muntmisdrijf,Friesland,10,25,20,50
Muntmisdrijf,Drenthe,30,20,20,35
Muntmisdrijf,Overijssel,55,45,45,60
Muntmisdrijf,Flevoland,35,35,30,35
Muntmisdrijf,Gelderland,110,110,140,125
Muntmisdrijf,Utrecht,80,105,85,130
Muntmisdrijf,Noord-Holland,230,230,210,235
Muntmisdrijf,Zuid-Holland,365,225,245,240
Muntmisdrijf,Zeeland,25,5,10,15
Muntmisdrijf,Noord-Brabant,160,90,200,270
Muntmisdrijf,Limburg,60,55,60,175
Muntmisdrijf,niet in te delen,0,0,0,0
Valsheid in zegels en merken,Groningen,5,0,0,0
Valsheid in zegels en merken,Friesland,0,5,0,5
Valsheid in zegels en merken,Drenthe,0,0,0,0
Valsheid in zegels en merken,Overijssel,0,5,5,5
Valsheid in zegels en merken,Flevoland,0,0,0,0
Valsheid in zegels en merken,Gelderland,5,10,15,20
Valsheid in zegels en merken,Utrecht,10,10,10,10
Valsheid in zegels en merken,Noord-Holland,45,55,60,35
Valsheid in zegels en merken,Zuid-Holland,50,65,90,85
Valsheid in zegels en merken,Zeeland,5,0,0,0
Valsheid in zegels en merken,Noord-Brabant,20,10,30,15
Valsheid in zegels en merken,Limburg,10,10,5,5
Valsheid in zegels en merken,niet in te delen,0,0,0,0
Valsheid in geschriften,Groningen,215,230,280,185
Valsheid in geschriften,Friesland,130,160,175,155
Valsheid in geschriften,Drenthe,140,125,165,120
Valsheid in geschriften,Overijssel,305,390,360,270
Valsheid in geschriften,Flevoland,220,310,345,275
Valsheid in geschriften,Gelderland,515,615,695,480
Valsheid in geschriften,Utrecht,485,585,705,495
Valsheid in geschriften,Noord-Holland,2100,2925,3010,1975
Valsheid in geschriften,Zuid-Holland,2210,2655,2650,2050
Valsheid in geschriften,Zeeland,85,140,145,100
Valsheid in geschriften,Noord-Brabant,865,1060,1170,1000
Valsheid in geschriften,Limburg,310,380,410,295
Valsheid in geschriften,niet in te delen,315,340,255,140
Heling,Groningen,205,200,140,180
Heling,Friesland,120,115,100,90
Heling,Drenthe,95,85,85,85
Heling,Overijssel,230,230,225,235
Heling,Flevoland,95,110,100,110
Heling,Gelderland,595,540,600,700
Heling,Utrecht,550,550,555,545
Heling,Noord-Holland,1170,1420,1395,1230
Heling,Zuid-Holland,1420,1635,1720,1740
Heling,Zeeland,45,45,45,60
Heling,Noord-Brabant,905,835,895,880
Heling,Limburg,315,300,380,325
Heling,niet in te delen,15,10,15,5
Afpersing en afdreiging,Groningen,30,30,35,45
Afpersing en afdreiging,Friesland,15,20,25,30
Afpersing en afdreiging,Drenthe,10,15,25,30
Afpersing en afdreiging,Overijssel,30,40,40,55
Afpersing en afdreiging,Flevoland,25,15,15,40
Afpersing en afdreiging,Gelderland,70,80,105,110
Afpersing en afdreiging,Utrecht,80,90,75,120
Afpersing en afdreiging,Noord-Holland,200,225,220,265
Afpersing en afdreiging,Zuid-Holland,335,275,315,350
Afpersing en afdreiging,Zeeland,10,15,25,20
Afpersing en afdreiging,Noord-Brabant,110,110,130,165
Afpersing en afdreiging,Limburg,50,75,65,70
Afpersing en afdreiging,niet in te delen,10,10,10,5
Bankbreuk,Groningen,0,5,5,5
Bankbreuk,Friesland,0,5,0,0
Bankbreuk,Drenthe,5,5,5,0
Bankbreuk,Overijssel,5,5,10,5
Bankbreuk,Flevoland,0,10,5,0
Bankbreuk,Gelderland,0,10,25,10
Bankbreuk,Utrecht,5,0,0,10
Bankbreuk,Noord-Holland,20,40,55,15
Bankbreuk,Zuid-Holland,10,20,45,40
Bankbreuk,Zeeland,0,0,10,0
Bankbreuk,Noord-Brabant,10,15,15,5
Bankbreuk,Limburg,5,5,5,5
Bankbreuk,niet in te delen,10,0,5,0
Witwassen,Groningen,10,10,15,15
Witwassen,Friesland,0,5,5,5
Witwassen,Drenthe,5,10,10,10
Witwassen,Overijssel,20,30,15,10
Witwassen,Flevoland,5,5,10,10
Witwassen,Gelderland,20,35,35,35
Witwassen,Utrecht,10,30,70,60
Witwassen,Noord-Holland,95,90,105,105
Witwassen,Zuid-Holland,85,155,165,235
Witwassen,Zeeland,5,5,5,10
Witwassen,Noord-Brabant,10,40,30,95
Witwassen,Limburg,35,15,20,20
Witwassen,niet in te delen,5,5,0,0
Vermogensmisdrijf (overig),Groningen,0,0,0,0
Vermogensmisdrijf (overig),Friesland,0,0,0,0
Vermogensmisdrijf (overig),Drenthe,0,0,0,0
Vermogensmisdrijf (overig),Overijssel,0,0,0,0
Vermogensmisdrijf (overig),Flevoland,0,0,0,0
Vermogensmisdrijf (overig),Gelderland,0,0,0,0
Vermogensmisdrijf (overig),Utrecht,0,0,0,0
Vermogensmisdrijf (overig),Noord-Holland,0,0,0,0
Vermogensmisdrijf (overig),Zuid-Holland,0,0,0,0
Vermogensmisdrijf (overig),Zeeland,0,0,0,0
Vermogensmisdrijf (overig),Noord-Brabant,0,0,0,0
Vermogensmisdrijf (overig),Limburg,0,0,0,0
Vermogensmisdrijf (overig),niet in te delen,0,0,0,0
Vernielingen, misdr.openb.orde/gezag,Groningen,6655,6520,6115,5060
Vernielingen, misdr.openb.orde/gezag,Friesland,6570,6740,6000,5080
Vernielingen, misdr.openb.orde/gezag,Drenthe,4795,4755,4930,4015
Vernielingen, misdr.openb.orde/gezag,Overijssel,10660,10700,10395,8780
Vernielingen, misdr.openb.orde/gezag,Flevoland,4910,4855,3930,3400
Vernielingen, misdr.openb.orde/gezag,Gelderland,20910,19510,17650,14795
Vernielingen, misdr.openb.orde/gezag,Utrecht,12865,12210,10925,9715
Vernielingen, misdr.openb.orde/gezag,Noord-Holland,32695,31360,26925,24330
Vernielingen, misdr.openb.orde/gezag,Zuid-Holland,38920,42095,36420,31930
Vernielingen, misdr.openb.orde/gezag,Zeeland,4420,4365,3820,3320
Vernielingen, misdr.openb.orde/gezag,Noord-Brabant,26920,25765,23895,20130
Vernielingen, misdr.openb.orde/gezag,Limburg,13390,12030,10890,9970
Vernielingen, misdr.openb.orde/gezag,niet in te delen,225,225,115,90
Vernieling en beschadiging,Groningen,5425,5225,4920,4325
Vernieling en beschadiging,Friesland,5625,5615,5050,4340
Vernieling en beschadiging,Drenthe,4200,4095,4180,3430
Vernieling en beschadiging,Overijssel,8695,8825,8635,7420
Vernieling en beschadiging,Flevoland,4105,4010,3240,2815
Vernieling en beschadiging,Gelderland,17645,16225,14735,12645
Vernieling en beschadiging,Utrecht,10610,9805,8665,7795
Vernieling en beschadiging,Noord-Holland,25265,24175,21720,19975
Vernieling en beschadiging,Zuid-Holland,30695,34605,30200,26605
Vernieling en beschadiging,Zeeland,3860,3750,3265,2785
Vernieling en beschadiging,Noord-Brabant,22535,21565,19590,16910
Vernieling en beschadiging,Limburg,11240,9995,9100,8595
Vernieling en beschadiging,niet in te delen,155,150,55,50
Vernieling aan auto,Groningen,2275,2105,1880,1700
Vernieling aan auto,Friesland,2090,2155,1830,1695
Vernieling aan auto,Drenthe,1475,1365,1765,1435
Vernieling aan auto,Overijssel,3495,3655,3535,3045
Vernieling aan auto,Flevoland,1355,1500,1230,1220
Vernieling aan auto,Gelderland,7700,7110,6250,5405
Vernieling aan auto,Utrecht,5020,4540,3945,3845
Vernieling aan auto,Noord-Holland,11795,11155,10020,9610
Vernieling aan auto,Zuid-Holland,14795,15845,13520,12015
Vernieling aan auto,Zeeland,1825,1680,1450,1255
Vernieling aan auto,Noord-Brabant,11895,11165,10215,8800
Vernieling aan auto,Limburg,5850,5095,4655,4390
Vernieling aan auto,niet in te delen,65,80,35,35
Vernieling aan openbaar gebouw,Groningen,380,325,175,125
Vernieling aan openbaar gebouw,Friesland,365,220,55,85
Vernieling aan openbaar gebouw,Drenthe,470,310,100,105
Vernieling aan openbaar gebouw,Overijssel,880,670,265,235
Vernieling aan openbaar gebouw,Flevoland,1135,285,35,35
Vernieling aan openbaar gebouw,Gelderland,1740,1135,275,190
Vernieling aan openbaar gebouw,Utrecht,880,605,120,135
Vernieling aan openbaar gebouw,Noord-Holland,2050,1380,350,325
Vernieling aan openbaar gebouw,Zuid-Holland,1840,1945,480,405
Vernieling aan openbaar gebouw,Zeeland,270,195,55,70
Vernieling aan openbaar gebouw,Noord-Brabant,1270,790,250,200
Vernieling aan openbaar gebouw,Limburg,475,385,125,95
Vernieling aan openbaar gebouw,niet in te delen,10,0,0,0
Vernieling middel openb.vervoer,Groningen,70,65,40,10
Vernieling middel openb.vervoer,Friesland,60,55,60,20
Vernieling middel openb.vervoer,Drenthe,25,30,15,5
Vernieling middel openb.vervoer,Overijssel,50,80,90,40
Vernieling middel openb.vervoer,Flevoland,65,95,65,65
Vernieling middel openb.vervoer,Gelderland,225,315,265,130
Vernieling middel openb.vervoer,Utrecht,125,140,185,35
Vernieling middel openb.vervoer,Noord-Holland,460,570,590,425
Vernieling middel openb.vervoer,Zuid-Holland,355,540,415,225
Vernieling middel openb.vervoer,Zeeland,25,70,65,20
Vernieling middel openb.vervoer,Noord-Brabant,95,200,175,40
Vernieling middel openb.vervoer,Limburg,55,100,125,25
Vernieling middel openb.vervoer,niet in te delen,5,5,0,0
Dierenmishandeling,Groningen,0,0,0,0
Dierenmishandeling,Friesland,0,0,0,0
Dierenmishandeling,Drenthe,0,0,0,0
Dierenmishandeling,Overijssel,0,0,0,0
Dierenmishandeling,Flevoland,0,0,0,0
Dierenmishandeling,Gelderland,0,0,0,0
Dierenmishandeling,Utrecht,0,0,0,0
Dierenmishandeling,Noord-Holland,0,0,0,0
Dierenmishandeling,Zuid-Holland,0,0,0,0
Dierenmishandeling,Zeeland,0,0,0,0
Dierenmishandeling,Noord-Brabant,0,0,0,0
Dierenmishandeling,Limburg,0,0,0,0
Dierenmishandeling,niet in te delen,0,0,0,0
Vernieling, beschadiging (overig),Groningen,2705,2735,2825,2490
Vernieling, beschadiging (overig),Friesland,3110,3185,3100,2540
Vernieling, beschadiging (overig),Drenthe,2225,2390,2295,1885
Vernieling, beschadiging (overig),Overijssel,4275,4415,4740,4100
Vernieling, beschadiging (overig),Flevoland,1545,2125,1910,1495
Vernieling, beschadiging (overig),Gelderland,7975,7670,7950,6925
Vernieling, beschadiging (overig),Utrecht,4580,4520,4415,3780
Vernieling, beschadiging (overig),Noord-Holland,10965,11070,10760,9620
Vernieling, beschadiging (overig),Zuid-Holland,13705,16270,15790,13965
Vernieling, beschadiging (overig),Zeeland,1740,1805,1695,1435
Vernieling, beschadiging (overig),Noord-Brabant,9280,9410,8950,7865
Vernieling, beschadiging (overig),Limburg,4865,4415,4190,4085
Vernieling, beschadiging (overig),niet in te delen,75,60,20,20
Openbare orde misdrijf,Groningen,765,770,725,465
Openbare orde misdrijf,Friesland,545,605,565,470
Openbare orde misdrijf,Drenthe,325,325,420,300
Openbare orde misdrijf,Overijssel,1275,1315,1110,825
Openbare orde misdrijf,Flevoland,540,615,470,345
Openbare orde misdrijf,Gelderland,2000,2045,1870,1265
Openbare orde misdrijf,Utrecht,1410,1600,1620,1270
Openbare orde misdrijf,Noord-Holland,5000,4755,3030,2370
Openbare orde misdrijf,Zuid-Holland,5130,4650,3795,3180
Openbare orde misdrijf,Zeeland,335,355,325,245
Openbare orde misdrijf,Noord-Brabant,2520,2535,2725,1885
Openbare orde misdrijf,Limburg,1160,1130,890,700
Openbare orde misdrijf,niet in te delen,50,65,50,30
Openlijke geweldpleging,Groningen,275,250,310,180
Openlijke geweldpleging,Friesland,210,215,165,145
Openlijke geweldpleging,Drenthe,145,135,130,90
Openlijke geweldpleging,Overijssel,390,390,330,275
Openlijke geweldpleging,Flevoland,195,195,155,120
Openlijke geweldpleging,Gelderland,915,800,690,565
Openlijke geweldpleging,Utrecht,695,725,620,565
Openlijke geweldpleging,Noord-Holland,1675,1390,1155,980
Openlijke geweldpleging,Zuid-Holland,2595,2225,1900,1585
Openlijke geweldpleging,Zeeland,155,150,150,115
Openlijke geweldpleging,Noord-Brabant,1300,1200,1185,915
Openlijke geweldpleging,Limburg,445,490,325,305
Openlijke geweldpleging,niet in te delen,15,20,5,5
Openlijk geweldtegen persoon,Groningen,200,180,235,155
Openlijk geweldtegen persoon,Friesland,135,135,105,95
Openlijk geweldtegen persoon,Drenthe,110,105,100,70
Openlijk geweldtegen persoon,Overijssel,310,320,255,235
Openlijk geweldtegen persoon,Flevoland,140,150,120,105
Openlijk geweldtegen persoon,Gelderland,745,635,550,465
Openlijk geweldtegen persoon,Utrecht,525,575,485,460
Openlijk geweldtegen persoon,Noord-Holland,1290,1075,930,800
Openlijk geweldtegen persoon,Zuid-Holland,1920,1670,1410,1195
Openlijk geweldtegen persoon,Zeeland,120,115,120,90
Openlijk geweldtegen persoon,Noord-Brabant,1095,1035,1025,810
Openlijk geweldtegen persoon,Limburg,365,410,255,260
Openlijk geweldtegen persoon,niet in te delen,15,15,5,5
Openlijk geweldtegen goed,Groningen,80,70,75,20
Openlijk geweldtegen goed,Friesland,75,80,60,50
Openlijk geweldtegen goed,Drenthe,35,30,30,20
Openlijk geweldtegen goed,Overijssel,80,70,75,40
Openlijk geweldtegen goed,Flevoland,55,45,30,15
Openlijk geweldtegen goed,Gelderland,165,165,140,105
Openlijk geweldtegen goed,Utrecht,170,155,135,105
Openlijk geweldtegen goed,Noord-Holland,385,315,230,180
Openlijk geweldtegen goed,Zuid-Holland,675,555,490,395
Openlijk geweldtegen goed,Zeeland,35,40,25,25
Openlijk geweldtegen goed,Noord-Brabant,205,165,160,105
Openlijk geweldtegen goed,Limburg,80,75,65,45
Openlijk geweldtegen goed,niet in te delen,0,5,0,0
Huisvredebreuk,Groningen,160,165,135,130
Huisvredebreuk,Friesland,95,90,115,90
Huisvredebreuk,Drenthe,35,35,40,50
Huisvredebreuk,Overijssel,145,185,180,170
Huisvredebreuk,Flevoland,40,30,30,50
Huisvredebreuk,Gelderland,275,275,270,240
Huisvredebreuk,Utrecht,205,215,215,230
Huisvredebreuk,Noord-Holland,525,495,495,480
Huisvredebreuk,Zuid-Holland,500,520,560,630
Huisvredebreuk,Zeeland,35,50,45,35
Huisvredebreuk,Noord-Brabant,290,355,365,315
Huisvredebreuk,Limburg,160,185,180,160
Huisvredebreuk,niet in te delen,0,0,0,0
Lokaalvredebreuk,Groningen,30,25,30,25
Lokaalvredebreuk,Friesland,40,25,10,20
Lokaalvredebreuk,Drenthe,25,20,10,15
Lokaalvredebreuk,Overijssel,45,35,45,25
Lokaalvredebreuk,Flevoland,25,15,10,10
Lokaalvredebreuk,Gelderland,80,50,40,35
Lokaalvredebreuk,Utrecht,35,30,20,15
Lokaalvredebreuk,Noord-Holland,135,115,95,75
Lokaalvredebreuk,Zuid-Holland,110,105,100,90
Lokaalvredebreuk,Zeeland,10,15,10,10
Lokaalvredebreuk,Noord-Brabant,100,65,45,65
Lokaalvredebreuk,Limburg,40,30,20,20
Lokaalvredebreuk,niet in te delen,0,0,0,0
Computervredebreuk,Groningen,35,65,145,65
Computervredebreuk,Friesland,30,40,135,60
Computervredebreuk,Drenthe,30,45,150,80
Computervredebreuk,Overijssel,80,175,400,265
Computervredebreuk,Flevoland,30,65,145,85
Computervredebreuk,Gelderland,90,270,625,270
Computervredebreuk,Utrecht,70,185,600,340
Computervredebreuk,Noord-Holland,170,325,690,405
Computervredebreuk,Zuid-Holland,210,295,555,365
Computervredebreuk,Zeeland,15,40,75,40
Computervredebreuk,Noord-Brabant,175,315,785,365
Computervredebreuk,Limburg,80,105,235,110
Computervredebreuk,niet in te delen,20,40,40,20
Discriminatie,Groningen,15,10,10,10
Discriminatie,Friesland,10,10,10,15
Discriminatie,Drenthe,10,5,10,15
Discriminatie,Overijssel,25,25,10,25
Discriminatie,Flevoland,5,10,5,5
Discriminatie,Gelderland,35,30,40,30
Discriminatie,Utrecht,35,20,40,25
Discriminatie,Noord-Holland,145,120,85,80
Discriminatie,Zuid-Holland,85,40,55,70
Discriminatie,Zeeland,10,5,5,5
Discriminatie,Noord-Brabant,40,40,25,20
Discriminatie,Limburg,10,10,5,10
Discriminatie,niet in te delen,5,0,0,5
Openbare orde misdrijf (overig),Groningen,250,250,95,55
Openbare orde misdrijf (overig),Friesland,160,220,125,140
Openbare orde misdrijf (overig),Drenthe,85,95,80,45
Openbare orde misdrijf (overig),Overijssel,590,505,145,65
Openbare orde misdrijf (overig),Flevoland,245,305,120,75
Openbare orde misdrijf (overig),Gelderland,605,620,210,120
Openbare orde misdrijf (overig),Utrecht,365,425,130,90
Openbare orde misdrijf (overig),Noord-Holland,2350,2310,510,350
Openbare orde misdrijf (overig),Zuid-Holland,1630,1465,630,435
Openbare orde misdrijf (overig),Zeeland,110,85,45,35
Openbare orde misdrijf (overig),Noord-Brabant,620,560,320,205
Openbare orde misdrijf (overig),Limburg,425,315,125,100
Openbare orde misdrijf (overig),niet in te delen,10,5,0,0
Brandstichting/ontploffing,Groningen,335,350,290,160
Brandstichting/ontploffing,Friesland,255,330,200,175
Brandstichting/ontploffing,Drenthe,210,230,250,235
Brandstichting/ontploffing,Overijssel,425,335,380,350
Brandstichting/ontploffing,Flevoland,185,170,160,165
Brandstichting/ontploffing,Gelderland,815,805,670,560
Brandstichting/ontploffing,Utrecht,505,455,380,405
Brandstichting/ontploffing,Noord-Holland,995,1005,885,750
Brandstichting/ontploffing,Zuid-Holland,1500,1500,1250,1070
Brandstichting/ontploffing,Zeeland,145,170,135,205
Brandstichting/ontploffing,Noord-Brabant,1060,930,885,760
Brandstichting/ontploffing,Limburg,660,685,610,475
Brandstichting/ontploffing,niet in te delen,0,5,5,0
Openbaar gezag misdrijf,Groningen,125,175,185,115
Openbaar gezag misdrijf,Friesland,145,190,190,95
Openbaar gezag misdrijf,Drenthe,55,100,80,55
Openbaar gezag misdrijf,Overijssel,265,225,270,185
Openbaar gezag misdrijf,Flevoland,85,60,60,75
Openbaar gezag misdrijf,Gelderland,450,430,375,330
Openbaar gezag misdrijf,Utrecht,340,350,265,245
Openbaar gezag misdrijf,Noord-Holland,1435,1425,1290,1230
Openbaar gezag misdrijf,Zuid-Holland,1600,1340,1170,1075
Openbaar gezag misdrijf,Zeeland,80,90,95,90
Openbaar gezag misdrijf,Noord-Brabant,800,735,690,575
Openbaar gezag misdrijf,Limburg,325,225,290,200
Openbaar gezag misdrijf,niet in te delen,15,5,5,5
Niet opvolgen van ambtelijk bevel,Groningen,70,105,105,70
Niet opvolgen van ambtelijk bevel,Friesland,85,140,135,55
Niet opvolgen van ambtelijk bevel,Drenthe,40,75,45,35
Niet opvolgen van ambtelijk bevel,Overijssel,195,145,165,80
Niet opvolgen van ambtelijk bevel,Flevoland,50,35,25,30
Niet opvolgen van ambtelijk bevel,Gelderland,300,260,235,170
Niet opvolgen van ambtelijk bevel,Utrecht,235,255,165,140
Niet opvolgen van ambtelijk bevel,Noord-Holland,1045,1085,910,900
Niet opvolgen van ambtelijk bevel,Zuid-Holland,1020,775,625,500
Niet opvolgen van ambtelijk bevel,Zeeland,60,65,65,55
Niet opvolgen van ambtelijk bevel,Noord-Brabant,560,515,440,350
Niet opvolgen van ambtelijk bevel,Limburg,200,120,165,110
Niet opvolgen van ambtelijk bevel,niet in te delen,5,5,0,0
Wederspannigheid,Groningen,20,35,45,20
Wederspannigheid,Friesland,35,20,30,20
Wederspannigheid,Drenthe,10,10,10,5
Wederspannigheid,Overijssel,45,35,65,55
Wederspannigheid,Flevoland,25,10,20,25
Wederspannigheid,Gelderland,80,100,80,80
Wederspannigheid,Utrecht,50,60,50,65
Wederspannigheid,Noord-Holland,250,225,255,205
Wederspannigheid,Zuid-Holland,415,380,370,345
Wederspannigheid,Zeeland,10,10,15,10
Wederspannigheid,Noord-Brabant,145,130,140,130
Wederspannigheid,Limburg,55,50,45,50
Wederspannigheid,niet in te delen,0,0,0,0
Valse aangifte,Groningen,25,30,25,20
Valse aangifte,Friesland,15,15,10,10
Valse aangifte,Drenthe,5,15,10,5
Valse aangifte,Overijssel,15,30,20,35
Valse aangifte,Flevoland,5,5,15,10
Valse aangifte,Gelderland,40,50,40,50
Valse aangifte,Utrecht,35,30,30,35
Valse aangifte,Noord-Holland,75,65,85,75
Valse aangifte,Zuid-Holland,105,120,110,150
Valse aangifte,Zeeland,10,10,10,10
Valse aangifte,Noord-Brabant,50,50,80,70
Valse aangifte,Limburg,40,30,40,25
Valse aangifte,niet in te delen,5,0,0,5
Verblijf ongewenste vreemdeling,Groningen,0,0,0,0
Verblijf ongewenste vreemdeling,Friesland,0,0,5,5
Verblijf ongewenste vreemdeling,Drenthe,0,0,0,0
Verblijf ongewenste vreemdeling,Overijssel,0,0,0,0
Verblijf ongewenste vreemdeling,Flevoland,0,0,0,0
Verblijf ongewenste vreemdeling,Gelderland,0,0,0,0
Verblijf ongewenste vreemdeling,Utrecht,0,0,0,0
Verblijf ongewenste vreemdeling,Noord-Holland,10,0,10,15
Verblijf ongewenste vreemdeling,Zuid-Holland,5,0,10,25
Verblijf ongewenste vreemdeling,Zeeland,0,0,0,5
Verblijf ongewenste vreemdeling,Noord-Brabant,5,0,5,5
Verblijf ongewenste vreemdeling,Limburg,0,0,15,5
Verblijf ongewenste vreemdeling,niet in te delen,5,0,0,0
Openbaar gezag misdrijf (overig),Groningen,10,15,10,5
Openbaar gezag misdrijf (overig),Friesland,10,15,5,5
Openbaar gezag misdrijf (overig),Drenthe,5,0,10,10
Openbaar gezag misdrijf (overig),Overijssel,15,15,20,15
Openbaar gezag misdrijf (overig),Flevoland,5,10,0,5
Openbaar gezag misdrijf (overig),Gelderland,25,25,25,30
Openbaar gezag misdrijf (overig),Utrecht,20,10,20,5
Openbaar gezag misdrijf (overig),Noord-Holland,55,50,25,40
Openbaar gezag misdrijf (overig),Zuid-Holland,55,70,55,55
Openbaar gezag misdrijf (overig),Zeeland,5,5,5,5
Openbaar gezag misdrijf (overig),Noord-Brabant,40,40,30,20
Openbaar gezag misdrijf (overig),Limburg,30,20,25,15
Openbaar gezag misdrijf (overig),niet in te delen,5,0,5,0
Gewelds- en seksuele misdrijven,Groningen,4850,4520,4450,4175
Gewelds- en seksuele misdrijven,Friesland,3555,3635,3475,3365
Gewelds- en seksuele misdrijven,Drenthe,3235,3190,3105,2890
Gewelds- en seksuele misdrijven,Overijssel,6510,6495,6290,5720
Gewelds- en seksuele misdrijven,Flevoland,2350,2380,2610,2630
Gewelds- en seksuele misdrijven,Gelderland,11215,11300,10950,10230
Gewelds- en seksuele misdrijven,Utrecht,6975,6780,6460,5780
Gewelds- en seksuele misdrijven,Noord-Holland,20910,20860,19955,18810
Gewelds- en seksuele misdrijven,Zuid-Holland,27115,26910,26185,24710
Gewelds- en seksuele misdrijven,Zeeland,2285,2505,2550,2290
Gewelds- en seksuele misdrijven,Noord-Brabant,15890,15340,15380,13915
Gewelds- en seksuele misdrijven,Limburg,7820,7430,7575,7100
Gewelds- en seksuele misdrijven,niet in te delen,710,650,495,450
Mishandeling,Groningen,2545,2395,2385,2165
Mishandeling,Friesland,1930,1875,1890,1760
Mishandeling,Drenthe,1685,1610,1610,1455
Mishandeling,Overijssel,3555,3555,3470,3070
Mishandeling,Flevoland,1315,1325,1430,1420
Mishandeling,Gelderland,6115,6250,5975,5480
Mishandeling,Utrecht,3655,3600,3315,2995
Mishandeling,Noord-Holland,11205,11205,10700,9890
Mishandeling,Zuid-Holland,14425,14030,13225,12460
Mishandeling,Zeeland,1165,1250,1285,1150
Mishandeling,Noord-Brabant,8580,8380,8130,7310
Mishandeling,Limburg,3925,3800,3760,3590
Mishandeling,niet in te delen,180,150,110,105
Bedreiging en stalking,Groningen,1655,1515,1490,1425
Bedreiging en stalking,Friesland,1085,1220,1105,1115
Bedreiging en stalking,Drenthe,975,1025,1005,1010
Bedreiging en stalking,Overijssel,2005,2090,2025,1885
Bedreiging en stalking,Flevoland,770,775,890,890
Bedreiging en stalking,Gelderland,3500,3445,3450,3260
Bedreiging en stalking,Utrecht,2300,2200,2215,2020
Bedreiging en stalking,Noord-Holland,7350,7235,6915,6775
Bedreiging en stalking,Zuid-Holland,8855,8990,9165,8820
Bedreiging en stalking,Zeeland,770,885,910,795
Bedreiging en stalking,Noord-Brabant,5005,4765,4920,4585
Bedreiging en stalking,Limburg,2735,2620,2760,2605
Bedreiging en stalking,niet in te delen,165,130,100,90
Bedreiging,Groningen,1425,1345,1320,1270
Bedreiging,Friesland,985,1095,995,1000
Bedreiging,Drenthe,860,880,880,860
Bedreiging,Overijssel,1830,1885,1845,1690
Bedreiging,Flevoland,720,710,830,825
Bedreiging,Gelderland,3120,3125,3115,2950
Bedreiging,Utrecht,2060,1995,1995,1870
Bedreiging,Noord-Holland,6660,6605,6280,6135
Bedreiging,Zuid-Holland,8090,8215,8305,7955
Bedreiging,Zeeland,685,795,810,710
Bedreiging,Noord-Brabant,4470,4280,4485,4180
Bedreiging,Limburg,2455,2370,2490,2355
Bedreiging,niet in te delen,150,110,90,75
Stalking,Groningen,230,170,170,160
Stalking,Friesland,100,125,115,115
Stalking,Drenthe,115,145,125,145
Stalking,Overijssel,175,205,180,195
Stalking,Flevoland,50,65,65,65
Stalking,Gelderland,385,325,335,310
Stalking,Utrecht,240,205,220,145
Stalking,Noord-Holland,690,630,635,640
Stalking,Zuid-Holland,765,775,860,860
Stalking,Zeeland,80,95,105,80
Stalking,Noord-Brabant,530,485,435,405
Stalking,Limburg,280,250,270,245
Stalking,niet in te delen,20,20,10,15
Seksueel misdrijf,Groningen,385,360,315,345
Seksueel misdrijf,Friesland,360,325,285,320
Seksueel misdrijf,Drenthe,385,330,300,250
Seksueel misdrijf,Overijssel,620,530,470,455
Seksueel misdrijf,Flevoland,140,145,130,170
Seksueel misdrijf,Gelderland,1050,1045,995,985
Seksueel misdrijf,Utrecht,705,595,575,435
Seksueel misdrijf,Noord-Holland,1135,1230,1215,1135
Seksueel misdrijf,Zuid-Holland,2250,2220,2190,2085
Seksueel misdrijf,Zeeland,235,255,245,240
Seksueel misdrijf,Noord-Brabant,1480,1365,1475,1260
Seksueel misdrijf,Limburg,650,570,515,500
Seksueel misdrijf,niet in te delen,215,235,170,160
Aanranding,Groningen,65,75,45,55
Aanranding,Friesland,75,55,60,70
Aanranding,Drenthe,95,80,60,50
Aanranding,Overijssel,145,110,85,105
Aanranding,Flevoland,40,40,30,40
Aanranding,Gelderland,245,230,240,230
Aanranding,Utrecht,225,155,170,100
Aanranding,Noord-Holland,360,390,310,325
Aanranding,Zuid-Holland,605,535,500,485
Aanranding,Zeeland,50,60,45,35
Aanranding,Noord-Brabant,395,325,380,290
Aanranding,Limburg,150,125,100,120
Aanranding,niet in te delen,40,35,20,25
Verkrachting,Groningen,75,55,40,40
Verkrachting,Friesland,60,45,55,30
Verkrachting,Drenthe,80,65,45,30
Verkrachting,Overijssel,75,80,60,60
Verkrachting,Flevoland,30,25,25,25
Verkrachting,Gelderland,160,180,125,130
Verkrachting,Utrecht,100,85,90,60
Verkrachting,Noord-Holland,175,220,195,170
Verkrachting,Zuid-Holland,405,370,345,335
Verkrachting,Zeeland,45,35,45,40
Verkrachting,Noord-Brabant,275,270,250,195
Verkrachting,Limburg,115,90,80,55
Verkrachting,niet in te delen,65,80,55,40
Schennis der eerbaarheid,Groningen,90,90,90,100
Schennis der eerbaarheid,Friesland,75,95,45,50
Schennis der eerbaarheid,Drenthe,75,80,70,45
Schennis der eerbaarheid,Overijssel,160,135,130,110
Schennis der eerbaarheid,Flevoland,20,35,20,25
Schennis der eerbaarheid,Gelderland,255,245,215,180
Schennis der eerbaarheid,Utrecht,110,110,105,105
Schennis der eerbaarheid,Noord-Holland,215,205,275,235
Schennis der eerbaarheid,Zuid-Holland,430,440,460,460
Schennis der eerbaarheid,Zeeland,55,60,35,35
Schennis der eerbaarheid,Noord-Brabant,295,270,280,210
Schennis der eerbaarheid,Limburg,195,165,135,135
Schennis der eerbaarheid,niet in te delen,5,10,0,5
Ontucht met minderjarige,Groningen,35,25,45,30
Ontucht met minderjarige,Friesland,45,45,50,60
Ontucht met minderjarige,Drenthe,35,20,25,35
Ontucht met minderjarige,Overijssel,75,45,40,55
Ontucht met minderjarige,Flevoland,10,15,10,20
Ontucht met minderjarige,Gelderland,145,100,140,125
Ontucht met minderjarige,Utrecht,50,40,60,50
Ontucht met minderjarige,Noord-Holland,90,145,125,135
Ontucht met minderjarige,Zuid-Holland,265,210,280,230
Ontucht met minderjarige,Zeeland,5,20,30,20
Ontucht met minderjarige,Noord-Brabant,135,100,150,140
Ontucht met minderjarige,Limburg,65,45,60,55
Ontucht met minderjarige,niet in te delen,45,30,35,30
Pornografie,Groningen,35,25,20,25
Pornografie,Friesland,20,15,25,30
Pornografie,Drenthe,15,15,25,30
Pornografie,Overijssel,20,25,20,25
Pornografie,Flevoland,15,5,20,20
Pornografie,Gelderland,60,65,55,90
Pornografie,Utrecht,70,40,30,35
Pornografie,Noord-Holland,90,60,105,100
Pornografie,Zuid-Holland,110,175,175,180
Pornografie,Zeeland,15,10,20,30
Pornografie,Noord-Brabant,65,75,75,105
Pornografie,Limburg,30,40,50,55
Pornografie,niet in te delen,0,10,5,10
Ontucht met misbruik van gezag,Groningen,25,20,25,25
Ontucht met misbruik van gezag,Friesland,20,20,25,25
Ontucht met misbruik van gezag,Drenthe,10,20,30,20
Ontucht met misbruik van gezag,Overijssel,50,35,25,35
Ontucht met misbruik van gezag,Flevoland,20,20,15,25
Ontucht met misbruik van gezag,Gelderland,55,65,80,95
Ontucht met misbruik van gezag,Utrecht,40,30,35,25
Ontucht met misbruik van gezag,Noord-Holland,60,65,65,60
Ontucht met misbruik van gezag,Zuid-Holland,115,115,115,135
Ontucht met misbruik van gezag,Zeeland,20,15,25,20
Ontucht met misbruik van gezag,Noord-Brabant,80,90,65,60
Ontucht met misbruik van gezag,Limburg,30,30,20,30
Ontucht met misbruik van gezag,niet in te delen,15,25,25,30
Seksueel misdrijf (overig),Groningen,60,65,50,65
Seksueel misdrijf (overig),Friesland,65,45,30,50
Seksueel misdrijf (overig),Drenthe,70,55,45,45
Seksueel misdrijf (overig),Overijssel,100,105,110,65
Seksueel misdrijf (overig),Flevoland,10,10,5,15
Seksueel misdrijf (overig),Gelderland,140,165,140,135
Seksueel misdrijf (overig),Utrecht,110,130,85,65
Seksueel misdrijf (overig),Noord-Holland,140,145,140,105
Seksueel misdrijf (overig),Zuid-Holland,315,370,315,265
Seksueel misdrijf (overig),Zeeland,45,55,50,50
Seksueel misdrijf (overig),Noord-Brabant,235,235,270,255
Seksueel misdrijf (overig),Limburg,65,75,70,55
Seksueel misdrijf (overig),niet in te delen,35,40,30,15
Levensmisdrijf,Groningen,165,160,140,160
Levensmisdrijf,Friesland,120,135,125,115
Levensmisdrijf,Drenthe,120,155,125,115
Levensmisdrijf,Overijssel,210,225,210,210
Levensmisdrijf,Flevoland,90,95,105,85
Levensmisdrijf,Gelderland,340,345,315,310
Levensmisdrijf,Utrecht,210,255,230,200
Levensmisdrijf,Noord-Holland,770,740,690,640
Levensmisdrijf,Zuid-Holland,1050,1055,960,830
Levensmisdrijf,Zeeland,65,80,80,70
Levensmisdrijf,Noord-Brabant,515,560,535,455
Levensmisdrijf,Limburg,300,265,310,275
Levensmisdrijf,niet in te delen,25,25,15,20
Vrijheidsbeneming/gijzeling,Groningen,25,15,20,15
Vrijheidsbeneming/gijzeling,Friesland,10,15,5,10
Vrijheidsbeneming/gijzeling,Drenthe,5,10,25,10
Vrijheidsbeneming/gijzeling,Overijssel,35,25,35,15
Vrijheidsbeneming/gijzeling,Flevoland,25,10,25,15
Vrijheidsbeneming/gijzeling,Gelderland,50,50,35,40
Vrijheidsbeneming/gijzeling,Utrecht,30,40,25,35
Vrijheidsbeneming/gijzeling,Noord-Holland,155,115,110,110
Vrijheidsbeneming/gijzeling,Zuid-Holland,165,165,180,135
Vrijheidsbeneming/gijzeling,Zeeland,15,10,5,10
Vrijheidsbeneming/gijzeling,Noord-Brabant,70,55,70,70
Vrijheidsbeneming/gijzeling,Limburg,50,40,50,30
Vrijheidsbeneming/gijzeling,niet in te delen,15,5,5,5
Mensenhandel, mensensmokkel,Groningen,30,25,45,25
Mensenhandel, mensensmokkel,Friesland,10,15,15,15
Mensenhandel, mensensmokkel,Drenthe,15,10,5,5
Mensenhandel, mensensmokkel,Overijssel,30,25,30,25
Mensenhandel, mensensmokkel,Flevoland,5,10,5,10
Mensenhandel, mensensmokkel,Gelderland,85,60,65,50
Mensenhandel, mensensmokkel,Utrecht,25,25,35,20
Mensenhandel, mensensmokkel,Noord-Holland,125,130,135,100
Mensenhandel, mensensmokkel,Zuid-Holland,110,180,175,130
Mensenhandel, mensensmokkel,Zeeland,10,5,10,15
Mensenhandel, mensensmokkel,Noord-Brabant,95,75,90,75
Mensenhandel, mensensmokkel,Limburg,70,50,75,45
Mensenhandel, mensensmokkel,niet in te delen,85,85,80,60
Geweldsmisdrijf (overig),Groningen,45,45,55,35
Geweldsmisdrijf (overig),Friesland,40,50,45,40
Geweldsmisdrijf (overig),Drenthe,45,50,35,45
Geweldsmisdrijf (overig),Overijssel,55,45,50,60
Geweldsmisdrijf (overig),Flevoland,5,20,25,35
Geweldsmisdrijf (overig),Gelderland,70,100,115,105
Geweldsmisdrijf (overig),Utrecht,55,65,65,70
Geweldsmisdrijf (overig),Noord-Holland,175,205,190,160
Geweldsmisdrijf (overig),Zuid-Holland,260,275,290,250
Geweldsmisdrijf (overig),Zeeland,30,20,15,15
Geweldsmisdrijf (overig),Noord-Brabant,150,140,165,160
Geweldsmisdrijf (overig),Limburg,90,90,105,60
Geweldsmisdrijf (overig),niet in te delen,20,15,10,10
Misdrijven WvSr (overig),Groningen,355,340,310,370
Misdrijven WvSr (overig),Friesland,375,360,405,370
Misdrijven WvSr (overig),Drenthe,255,295,275,265
Misdrijven WvSr (overig),Overijssel,580,680,775,665
Misdrijven WvSr (overig),Flevoland,195,185,225,240
Misdrijven WvSr (overig),Gelderland,1110,1225,1190,1155
Misdrijven WvSr (overig),Utrecht,705,860,1015,910
Misdrijven WvSr (overig),Noord-Holland,2030,2130,2005,1865
Misdrijven WvSr (overig),Zuid-Holland,2800,2960,2955,2945
Misdrijven WvSr (overig),Zeeland,165,200,220,175
Misdrijven WvSr (overig),Noord-Brabant,1430,1615,1635,1545
Misdrijven WvSr (overig),Limburg,585,600,630,610
Misdrijven WvSr (overig),niet in te delen,50,35,35,35
Verkeersmisdrijven,Groningen,4000,3790,3150,2590
Verkeersmisdrijven,Friesland,4590,4440,3770,3305
Verkeersmisdrijven,Drenthe,2905,2645,2145,1910
Verkeersmisdrijven,Overijssel,7730,8060,6845,6320
Verkeersmisdrijven,Flevoland,3330,2985,2795,2575
Verkeersmisdrijven,Gelderland,14995,14150,12390,11770
Verkeersmisdrijven,Utrecht,9450,9465,7970,8290
Verkeersmisdrijven,Noord-Holland,24825,24930,21420,20110
Verkeersmisdrijven,Zuid-Holland,44135,44530,38635,36970
Verkeersmisdrijven,Zeeland,3480,3470,2980,2815
Verkeersmisdrijven,Noord-Brabant,23280,22465,20195,19305
Verkeersmisdrijven,Limburg,10690,10530,9130,8995
Verkeersmisdrijven,niet in te delen,690,565,345,310
5.Verlaten plaats ongeval,Groningen,2285,2265,1900,1745
5.Verlaten plaats ongeval,Friesland,2655,2595,2250,2160
5.Verlaten plaats ongeval,Drenthe,1945,1690,1455,1325
5.Verlaten plaats ongeval,Overijssel,5180,5435,4980,4805
5.Verlaten plaats ongeval,Flevoland,2220,1905,1780,1775
5.Verlaten plaats ongeval,Gelderland,9520,9090,8425,8225
5.Verlaten plaats ongeval,Utrecht,5680,5920,5230,5600
5.Verlaten plaats ongeval,Noord-Holland,15010,15045,13040,13110
5.Verlaten plaats ongeval,Zuid-Holland,26485,26800,23305,22825
5.Verlaten plaats ongeval,Zeeland,1740,1930,1690,1580
5.Verlaten plaats ongeval,Noord-Brabant,16545,16115,14265,14275
5.Verlaten plaats ongeval,Limburg,7835,7755,6775,6970
5.Verlaten plaats ongeval,niet in te delen,430,355,175,175
5.Rijden onder invloed,Groningen,1535,1385,1105,730
5.Rijden onder invloed,Friesland,1785,1710,1380,1040
5.Rijden onder invloed,Drenthe,870,880,610,505
5.Rijden onder invloed,Overijssel,2280,2355,1625,1360
5.Rijden onder invloed,Flevoland,1030,990,940,720
5.Rijden onder invloed,Gelderland,5050,4605,3515,3150
5.Rijden onder invloed,Utrecht,3325,3110,2405,2355
5.Rijden onder invloed,Noord-Holland,8920,9055,7625,6285
5.Rijden onder invloed,Zuid-Holland,15825,16030,13730,12680
5.Rijden onder invloed,Zeeland,1635,1445,1180,1125
5.Rijden onder invloed,Noord-Brabant,6060,5765,4960,4315
5.Rijden onder invloed,Limburg,2615,2545,1955,1735
5.Rijden onder invloed,niet in te delen,190,165,130,95
5.Rijdentijdens ontzegging,Groningen,100,65,50,45
5.Rijdentijdens ontzegging,Friesland,85,75,45,20
5.Rijdentijdens ontzegging,Drenthe,40,10,10,10
5.Rijdentijdens ontzegging,Overijssel,105,75,35,30
5.Rijdentijdens ontzegging,Flevoland,55,50,30,40
5.Rijdentijdens ontzegging,Gelderland,160,200,105,125
5.Rijdentijdens ontzegging,Utrecht,190,165,100,110
5.Rijdentijdens ontzegging,Noord-Holland,485,415,265,295
5.Rijdentijdens ontzegging,Zuid-Holland,980,865,565,635
5.Rijdentijdens ontzegging,Zeeland,50,40,20,25
5.Rijdentijdens ontzegging,Noord-Brabant,280,250,190,190
5.Rijdentijdens ontzegging,Limburg,115,105,70,70
5.Rijdentijdens ontzegging,niet in te delen,5,10,5,0
5.Rijdentijdens rijverbod,Groningen,0,0,0,5
5.Rijdentijdens rijverbod,Friesland,5,0,5,0
5.Rijdentijdens rijverbod,Drenthe,0,0,0,0
5.Rijdentijdens rijverbod,Overijssel,5,5,5,0
5.Rijdentijdens rijverbod,Flevoland,0,5,0,0
5.Rijdentijdens rijverbod,Gelderland,5,5,5,5
5.Rijdentijdens rijverbod,Utrecht,10,5,5,5
5.Rijdentijdens rijverbod,Noord-Holland,20,30,30,25
5.Rijdentijdens rijverbod,Zuid-Holland,60,70,80,60
5.Rijdentijdens rijverbod,Zeeland,0,5,0,0
5.Rijdentijdens rijverbod,Noord-Brabant,10,10,10,5
5.Rijdentijdens rijverbod,Limburg,5,5,5,5
5.Rijdentijdens rijverbod,niet in te delen,0,0,0,0
5.Voeren vals kenteken,Groningen,20,10,20,20
5.Voeren vals kenteken,Friesland,10,25,20,20
5.Voeren vals kenteken,Drenthe,15,15,15,5
5.Voeren vals kenteken,Overijssel,50,80,50,30
5.Voeren vals kenteken,Flevoland,5,10,5,10
5.Voeren vals kenteken,Gelderland,75,85,70,90
5.Voeren vals kenteken,Utrecht,130,130,95,90
5.Voeren vals kenteken,Noord-Holland,110,115,100,80
5.Voeren vals kenteken,Zuid-Holland,150,125,160,130
5.Voeren vals kenteken,Zeeland,10,20,10,15
5.Voeren vals kenteken,Noord-Brabant,105,115,145,125
5.Voeren vals kenteken,Limburg,40,45,45,40
5.Voeren vals kenteken,niet in te delen,35,25,15,25
5.Joyriding,Groningen,10,15,15,5
5.Joyriding,Friesland,15,10,10,5
5.Joyriding,Drenthe,10,5,5,10
5.Joyriding,Overijssel,25,20,20,15
5.Joyriding,Flevoland,10,10,5,5
5.Joyriding,Gelderland,50,40,35,25
5.Joyriding,Utrecht,20,30,15,25
5.Joyriding,Noord-Holland,50,65,50,65
5.Joyriding,Zuid-Holland,75,55,85,75
5.Joyriding,Zeeland,10,5,5,10
5.Joyriding,Noord-Brabant,60,50,50,35
5.Joyriding,Limburg,15,15,15,15
5.Joyriding,niet in te delen,10,5,5,5
5.Weigeren blaastest/bloedonderzoek,Groningen,15,15,10,5
5.Weigeren blaastest/bloedonderzoek,Friesland,5,5,5,5
5.Weigeren blaastest/bloedonderzoek,Drenthe,5,5,10,5
5.Weigeren blaastest/bloedonderzoek,Overijssel,25,25,20,10
5.Weigeren blaastest/bloedonderzoek,Flevoland,0,0,0,0
5.Weigeren blaastest/bloedonderzoek,Gelderland,30,30,30,25
5.Weigeren blaastest/bloedonderzoek,Utrecht,20,35,20,15
5.Weigeren blaastest/bloedonderzoek,Noord-Holland,40,65,50,55
5.Weigeren blaastest/bloedonderzoek,Zuid-Holland,170,180,130,145
5.Weigeren blaastest/bloedonderzoek,Zeeland,10,5,5,5
5.Weigeren blaastest/bloedonderzoek,Noord-Brabant,45,30,45,40
5.Weigeren blaastest/bloedonderzoek,Limburg,15,15,30,15
5.Weigeren blaastest/bloedonderzoek,niet in te delen,0,0,0,5
5.Verkeersmisdrijf (overig),Groningen,40,35,50,35
5.Verkeersmisdrijf (overig),Friesland,25,15,60,55
5.Verkeersmisdrijf (overig),Drenthe,25,35,40,45
5.Verkeersmisdrijf (overig),Overijssel,60,70,110,65
5.Verkeersmisdrijf (overig),Flevoland,5,15,30,25
5.Verkeersmisdrijf (overig),Gelderland,110,95,205,130
5.Verkeersmisdrijf (overig),Utrecht,75,70,100,95
5.Verkeersmisdrijf (overig),Noord-Holland,190,140,260,200
5.Verkeersmisdrijf (overig),Zuid-Holland,390,405,575,420
5.Verkeersmisdrijf (overig),Zeeland,30,20,70,50
5.Verkeersmisdrijf (overig),Noord-Brabant,170,125,525,320
5.Verkeersmisdrijf (overig),Limburg,55,45,235,140
5.Verkeersmisdrijf (overig),niet in te delen,20,10,10,5
Drugsmisdrijven,Groningen,660,555,550,585
Drugsmisdrijven,Friesland,550,550,380,470
Drugsmisdrijven,Drenthe,275,245,230,275
Drugsmisdrijven,Overijssel,840,760,725,700
Drugsmisdrijven,Flevoland,570,580,635,600
Drugsmisdrijven,Gelderland,1465,1350,1180,1130
Drugsmisdrijven,Utrecht,875,750,780,910
Drugsmisdrijven,Noord-Holland,3485,3615,3690,3425
Drugsmisdrijven,Zuid-Holland,3055,3505,3330,3810
Drugsmisdrijven,Zeeland,450,385,340,325
Drugsmisdrijven,Noord-Brabant,3080,2770,2850,2665
Drugsmisdrijven,Limburg,1980,1605,1950,1545
Drugsmisdrijven,niet in te delen,65,40,40,15
6.Harddrugs,Groningen,235,175,175,210
6.Harddrugs,Friesland,260,245,185,215
6.Harddrugs,Drenthe,85,90,75,90
6.Harddrugs,Overijssel,350,265,245,265
6.Harddrugs,Flevoland,375,315,395,325
6.Harddrugs,Gelderland,720,705,635,545
6.Harddrugs,Utrecht,420,310,345,370
6.Harddrugs,Noord-Holland,2500,2350,2455,2260
6.Harddrugs,Zuid-Holland,1405,1605,1515,1530
6.Harddrugs,Zeeland,125,95,105,105
6.Harddrugs,Noord-Brabant,970,830,1030,960
6.Harddrugs,Limburg,720,620,670,560
6.Harddrugs,niet in te delen,30,20,15,5
6.Softdrugs,Groningen,420,380,375,375
6.Softdrugs,Friesland,290,300,195,260
6.Softdrugs,Drenthe,190,155,160,185
6.Softdrugs,Overijssel,495,495,480,435
6.Softdrugs,Flevoland,195,265,240,275
6.Softdrugs,Gelderland,740,645,545,590
6.Softdrugs,Utrecht,455,440,440,540
6.Softdrugs,Noord-Holland,990,1265,1235,1165
6.Softdrugs,Zuid-Holland,1650,1900,1815,2280
6.Softdrugs,Zeeland,325,290,235,220
6.Softdrugs,Noord-Brabant,2110,1940,1825,1705
6.Softdrugs,Limburg,1260,985,1280,985
6.Softdrugs,niet in te delen,35,20,25,10
(Vuur)wapenmisdrijven,Groningen,170,205,175,150
(Vuur)wapenmisdrijven,Friesland,135,180,130,140
(Vuur)wapenmisdrijven,Drenthe,190,185,170,115
(Vuur)wapenmisdrijven,Overijssel,355,295,320,330
(Vuur)wapenmisdrijven,Flevoland,110,130,125,145
(Vuur)wapenmisdrijven,Gelderland,535,580,530,540
(Vuur)wapenmisdrijven,Utrecht,345,435,320,340
(Vuur)wapenmisdrijven,Noord-Holland,1480,1860,1855,1545
(Vuur)wapenmisdrijven,Zuid-Holland,1525,1850,1770,1735
(Vuur)wapenmisdrijven,Zeeland,115,150,160,100
(Vuur)wapenmisdrijven,Noord-Brabant,925,860,855,845
(Vuur)wapenmisdrijven,Limburg,565,585,540,490
(Vuur)wapenmisdrijven,niet in te delen,25,25,30,5
Misdrijven overige wetten,Groningen,275,150,180,170
Misdrijven overige wetten,Friesland,235,165,150,150
Misdrijven overige wetten,Drenthe,140,105,105,95
Misdrijven overige wetten,Overijssel,460,360,320,230
Misdrijven overige wetten,Flevoland,90,100,85,60
Misdrijven overige wetten,Gelderland,680,560,570,495
Misdrijven overige wetten,Utrecht,235,220,200,175
Misdrijven overige wetten,Noord-Holland,700,530,670,595
Misdrijven overige wetten,Zuid-Holland,700,620,1025,1105
Misdrijven overige wetten,Zeeland,115,100,175,115
Misdrijven overige wetten,Noord-Brabant,615,450,615,505
Misdrijven overige wetten,Limburg,705,250,305,330
Misdrijven overige wetten,niet in te delen,55,25,20,25
Militair misdrijf,Groningen,0,0,0,0
Militair misdrijf,Friesland,0,0,0,0
Militair misdrijf,Drenthe,5,0,0,0
Militair misdrijf,Overijssel,5,0,0,0
Militair misdrijf,Flevoland,0,0,0,0
Militair misdrijf,Gelderland,30,35,25,30
Militair misdrijf,Utrecht,5,0,5,5
Militair misdrijf,Noord-Holland,10,5,10,5
Militair misdrijf,Zuid-Holland,0,0,0,0
Militair misdrijf,Zeeland,0,0,0,0
Militair misdrijf,Noord-Brabant,15,15,15,0
Militair misdrijf,Limburg,10,15,0,5
Militair misdrijf,niet in te delen,0,0,5,5
Misdrijf (overig),Groningen,275,150,180,170
Misdrijf (overig),Friesland,235,165,150,150
Misdrijf (overig),Drenthe,135,105,105,95
Misdrijf (overig),Overijssel,455,360,320,230
Misdrijf (overig),Flevoland,90,100,85,60
Misdrijf (overig),Gelderland,645,525,545,470
Misdrijf (overig),Utrecht,230,220,195,170
Misdrijf (overig),Noord-Holland,690,525,660,585
Misdrijf (overig),Zuid-Holland,700,620,1025,1105
Misdrijf (overig),Zeeland,115,100,175,115
Misdrijf (overig),Noord-Brabant,605,435,605,505
Misdrijf (overig),Limburg,695,235,300,325
Misdrijf (overig),niet in te delen,50,25,15,20
